<?xml version="1.0" encoding="UTF-8"?>

<!-- generated on Tue Apr 16 00:14:41 2019 by Eclipse SUMO Version 1.2.0
This data file and the accompanying materials
are made available under the terms of the Eclipse Public License v2.0
which accompanies this distribution, and is available at
http://www.eclipse.org/legal/epl-v20.html
SPDX-License-Identifier: EPL-2.0
<configuration xmlns:xsi="http://www.w3.org/2001/XMLSchema-instance" xsi:noNamespaceSchemaLocation="http://sumo.dlr.de/xsd/sumoConfiguration.xsd">

    <input>
        <net-file value="net.net.xml"/>
        <route-files value="input_routes.rou.xml"/>
        <additional-files value="input_additional.add.xml,input_additional2.add.xml"/>
    </input>

    <output>
        <write-license value="true"/>
    </output>

    <time>
        <begin value="0"/>
        <end value="1000"/>
    </time>

    <processing>
        <default.speeddev value="0"/>
    </processing>

    <report>
        <duration-log.disable value="true"/>
        <no-step-log value="true"/>
    </report>

</configuration>
-->

<meandata xmlns:xsi="http://www.w3.org/2001/XMLSchema-instance" xsi:noNamespaceSchemaLocation="http://sumo.dlr.de/xsd/meandata_file.xsd">
    <interval begin="0.00" end="25.00" id="dump_25">
        <edge id="beg" sampledSeconds="41.77" traveltime="26.61" overlapTraveltime="26.80" density="3.35" occupancy="0.96" waitingTime="0.00" speed="18.71" departed="3" arrived="0" entered="0" left="1" laneChangedFrom="0" laneChangedTo="0"/>
        <edge id="middle" sampledSeconds="0.00" overlapTraveltime="70.03" density="0.00" occupancy="0.00" waitingTime="0.00" speed="14.19" departed="0" arrived="0" entered="1" left="0" laneChangedFrom="0" laneChangedTo="0"/>
    </interval>
    <interval begin="25.00" end="50.00" id="dump_25">
        <edge id="beg" sampledSeconds="57.55" traveltime="23.21" overlapTraveltime="23.41" density="4.62" occupancy="1.35" waitingTime="0.00" speed="21.43" departed="2" arrived="0" entered="0" left="2" laneChangedFrom="0" laneChangedTo="0"/>
        <edge id="middle" sampledSeconds="45.00" traveltime="71.26" overlapTraveltime="71.47" density="1.82" occupancy="0.54" waitingTime="0.00" speed="13.90" departed="0" arrived="0" entered="2" left="0" laneChangedFrom="0" laneChangedTo="0"/>
    </interval>
    <interval begin="50.00" end="75.00" id="dump_25">
        <edge id="beg" sampledSeconds="61.32" traveltime="23.91" overlapTraveltime="24.13" density="4.92" occupancy="1.43" waitingTime="0.00" speed="20.79" departed="3" arrived="0" entered="0" left="3" laneChangedFrom="0" laneChangedTo="0"/>
        <edge id="middle" sampledSeconds="105.00" traveltime="71.26" overlapTraveltime="71.47" density="4.24" occupancy="1.27" waitingTime="0.00" speed="13.90" departed="0" arrived="0" entered="3" left="0" laneChangedFrom="0" laneChangedTo="0"/>
    </interval>
    <interval begin="75.00" end="100.00" id="dump_25">
        <edge id="beg" sampledSeconds="57.55" traveltime="23.21" overlapTraveltime="23.41" density="4.62" occupancy="1.35" waitingTime="0.00" speed="21.43" departed="2" arrived="0" entered="0" left="2" laneChangedFrom="0" laneChangedTo="0"/>
        <edge id="end" sampledSeconds="2.10" traveltime="41.13" overlapTraveltime="41.37" density="0.17" occupancy="0.05" waitingTime="0.00" speed="12.12" departed="0" arrived="0" entered="1" left="0" laneChangedFrom="0" laneChangedTo="0"/>
        <edge id="middle" sampledSeconds="167.52" traveltime="71.65" overlapTraveltime="71.93" density="6.77" occupancy="2.02" waitingTime="0.00" speed="13.81" departed="0" arrived="0" entered="2" left="1" laneChangedFrom="0" laneChangedTo="0"/>
    </interval>
    <interval begin="100.00" end="125.00" id="dump_25">
        <edge id="beg" sampledSeconds="63.74" traveltime="24.85" overlapTraveltime="25.21" density="5.11" occupancy="1.48" waitingTime="0.00" speed="19.90" departed="3" arrived="0" entered="0" left="2" laneChangedFrom="0" laneChangedTo="0"/>
        <edge id="end" sampledSeconds="18.28" traveltime="19.15" overlapTraveltime="19.25" density="1.47" occupancy="0.44" waitingTime="0.00" speed="26.05" departed="0" arrived="0" entered="0" left="1" laneChangedFrom="0" laneChangedTo="0"/>
        <edge id="middle" sampledSeconds="201.39" traveltime="319.27" overlapTraveltime="320.24" density="8.13" occupancy="2.43" waitingTime="0.00" speed="3.10" departed="0" arrived="0" entered="2" left="0" laneChangedFrom="0" laneChangedTo="0"/>
        <edge id="rend" sampledSeconds="6.83" traveltime="17.99" overlapTraveltime="18.09" density="0.55" occupancy="0.16" waitingTime="0.00" speed="27.80" departed="0" arrived="0" entered="1" left="0" laneChangedFrom="0" laneChangedTo="0"/>
    </interval>
    <interval begin="125.00" end="150.00" id="dump_25">
        <edge id="beg" sampledSeconds="60.61" traveltime="24.06" overlapTraveltime="24.53" density="4.86" occupancy="1.42" waitingTime="0.00" speed="20.45" departed="2" arrived="0" entered="0" left="3" laneChangedFrom="0" laneChangedTo="0"/>
        <edge id="end" sampledSeconds="20.91" traveltime="20.96" overlapTraveltime="21.08" density="1.68" occupancy="0.50" waitingTime="0.00" speed="23.79" departed="0" arrived="0" entered="1" left="0" laneChangedFrom="0" laneChangedTo="0"/>
        <edge id="middle" sampledSeconds="243.13" traveltime="353.75" overlapTraveltime="354.10" density="9.82" occupancy="2.92" waitingTime="0.00" speed="2.81" departed="0" arrived="0" entered="3" left="1" laneChangedFrom="0" laneChangedTo="0"/>
        <edge id="rend" sampledSeconds="11.27" traveltime="17.99" overlapTraveltime="18.09" density="0.90" occupancy="0.27" waitingTime="0.00" speed="27.80" departed="0" arrived="1" entered="0" left="0" laneChangedFrom="0" laneChangedTo="0"/>
    </interval>
    <interval begin="150.00" end="175.00" id="dump_25">
        <edge id="beg" sampledSeconds="63.74" traveltime="24.85" overlapTraveltime="25.21" density="5.11" occupancy="1.48" waitingTime="0.00" speed="19.90" departed="3" arrived="0" entered="0" left="2" laneChangedFrom="0" laneChangedTo="0"/>
        <edge id="end" sampledSeconds="0.15" traveltime="17.93" overlapTraveltime="18.04" density="0.01" occupancy="0.00" waitingTime="0.00" speed="27.80" departed="0" arrived="0" entered="0" left="1" laneChangedFrom="0" laneChangedTo="0"/>
        <edge id="middle" sampledSeconds="301.39" traveltime="353.75" overlapTraveltime="354.82" density="12.17" occupancy="3.64" waitingTime="0.00" speed="2.80" departed="0" arrived="0" entered="2" left="0" laneChangedFrom="0" laneChangedTo="0"/>
        <edge id="rend" sampledSeconds="18.09" traveltime="17.99" overlapTraveltime="18.09" density="1.45" occupancy="0.43" waitingTime="0.00" speed="27.80" departed="0" arrived="1" entered="1" left="0" laneChangedFrom="0" laneChangedTo="0"/>
    </interval>
    <interval begin="175.00" end="200.00" id="dump_25">
        <edge id="beg" sampledSeconds="60.61" traveltime="24.06" overlapTraveltime="24.53" density="4.86" occupancy="1.42" waitingTime="0.00" speed="20.45" departed="2" arrived="0" entered="0" left="3" laneChangedFrom="0" laneChangedTo="0"/>
        <edge id="end" sampledSeconds="21.06" traveltime="21.06" overlapTraveltime="21.18" density="1.69" occupancy="0.50" waitingTime="0.00" speed="23.68" departed="0" arrived="0" entered="1" left="0" laneChangedFrom="0" laneChangedTo="0"/>
        <edge id="middle" sampledSeconds="342.94" traveltime="353.75" overlapTraveltime="354.48" density="13.85" occupancy="4.13" waitingTime="0.00" speed="2.80" departed="0" arrived="0" entered="3" left="1" laneChangedFrom="0" laneChangedTo="0"/>
    </interval>
    <interval begin="200.00" end="225.00" id="dump_25">
        <edge id="beg" sampledSeconds="59.61" traveltime="23.31" overlapTraveltime="23.46" density="4.78" occupancy="1.39" waitingTime="0.00" speed="21.38" departed="3" arrived="0" entered="0" left="3" laneChangedFrom="0" laneChangedTo="0"/>
        <edge id="end" sampledSeconds="35.44" traveltime="22.40" overlapTraveltime="22.52" density="2.84" occupancy="0.84" waitingTime="0.00" speed="22.27" departed="0" arrived="0" entered="4" left="1" laneChangedFrom="0" laneChangedTo="0"/>
        <edge id="middle" sampledSeconds="370.28" traveltime="38.70" overlapTraveltime="38.90" density="14.95" occupancy="4.48" waitingTime="0.00" speed="25.54" departed="0" arrived="0" entered="3" left="4" laneChangedFrom="0" laneChangedTo="0"/>
        <edge id="rend" sampledSeconds="17.99" traveltime="17.99" overlapTraveltime="18.09" density="1.44" occupancy="0.43" waitingTime="0.00" speed="27.80" departed="0" arrived="1" entered="1" left="0" laneChangedFrom="0" laneChangedTo="0"/>
    </interval>
    <interval begin="225.00" end="250.00" id="dump_25">
        <edge id="beg" sampledSeconds="56.29" traveltime="22.75" overlapTraveltime="22.89" density="4.52" occupancy="1.32" waitingTime="0.00" speed="21.91" departed="2" arrived="0" entered="0" left="2" laneChangedFrom="0" laneChangedTo="0"/>
        <edge id="end" sampledSeconds="186.59" traveltime="21.06" overlapTraveltime="21.18" density="14.97" occupancy="4.44" waitingTime="0.00" speed="23.68" departed="0" arrived="0" entered="12" left="6" laneChangedFrom="0" laneChangedTo="0"/>
        <edge id="middle" sampledSeconds="221.28" traveltime="46.94" overlapTraveltime="47.71" density="8.94" occupancy="2.65" waitingTime="0.00" speed="20.82" departed="0" arrived="0" entered="2" left="12" laneChangedFrom="0" laneChangedTo="0"/>
        <edge id="rend" sampledSeconds="55.07" traveltime="17.99" overlapTraveltime="18.09" density="4.41" occupancy="1.31" waitingTime="0.00" speed="27.80" departed="0" arrived="1" entered="6" left="0" laneChangedFrom="0" laneChangedTo="0"/>
    </interval>
    <interval begin="250.00" end="275.00" id="dump_25">
        <edge id="beg" sampledSeconds="59.43" traveltime="23.24" overlapTraveltime="23.39" density="4.77" occupancy="1.38" waitingTime="0.00" speed="21.45" departed="3" arrived="0" entered="0" left="3" laneChangedFrom="0" laneChangedTo="0"/>
        <edge id="end" sampledSeconds="156.91" traveltime="19.24" overlapTraveltime="19.35" density="12.59" occupancy="3.75" waitingTime="0.00" speed="25.92" departed="0" arrived="0" entered="4" left="12" laneChangedFrom="0" laneChangedTo="0"/>
        <edge id="middle" sampledSeconds="73.10" traveltime="28.68" overlapTraveltime="29.24" density="2.95" occupancy="0.87" waitingTime="0.00" speed="33.98" departed="0" arrived="0" entered="3" left="4" laneChangedFrom="0" laneChangedTo="0"/>
        <edge id="rend" sampledSeconds="194.21" traveltime="17.99" overlapTraveltime="18.09" density="15.54" occupancy="4.64" waitingTime="0.00" speed="27.80" departed="0" arrived="8" entered="12" left="0" laneChangedFrom="0" laneChangedTo="0"/>
    </interval>
    <interval begin="275.00" end="300.00" id="dump_25">
        <edge id="beg" sampledSeconds="56.29" traveltime="22.75" overlapTraveltime="22.89" density="4.52" occupancy="1.32" waitingTime="0.00" speed="21.91" departed="2" arrived="0" entered="0" left="2" laneChangedFrom="0" laneChangedTo="0"/>
        <edge id="end" sampledSeconds="51.45" traveltime="20.88" overlapTraveltime="20.99" density="4.13" occupancy="1.23" waitingTime="0.00" speed="23.89" departed="0" arrived="0" entered="2" left="2" laneChangedFrom="0" laneChangedTo="0"/>
        <edge id="middle" sampledSeconds="73.28" traveltime="28.75" overlapTraveltime="29.11" density="2.96" occupancy="0.88" waitingTime="0.00" speed="34.13" departed="0" arrived="0" entered="2" left="2" laneChangedFrom="0" laneChangedTo="0"/>
        <edge id="rend" sampledSeconds="97.35" traveltime="17.99" overlapTraveltime="18.09" density="7.79" occupancy="2.32" waitingTime="0.00" speed="27.80" departed="0" arrived="9" entered="2" left="0" laneChangedFrom="0" laneChangedTo="0"/>
    </interval>
    <interval begin="300.00" end="325.00" id="dump_25">
        <edge id="beg" sampledSeconds="41.43" traveltime="20.74" overlapTraveltime="20.90" density="3.32" occupancy="0.98" waitingTime="0.00" speed="24.00" departed="1" arrived="0" entered="0" left="3" laneChangedFrom="0" laneChangedTo="0"/>
        <edge id="end" sampledSeconds="52.18" traveltime="20.37" overlapTraveltime="20.47" density="4.19" occupancy="1.24" waitingTime="0.00" speed="24.50" departed="0" arrived="0" entered="3" left="3" laneChangedFrom="0" laneChangedTo="0"/>
        <edge id="middle" sampledSeconds="72.43" traveltime="28.68" overlapTraveltime="29.17" density="2.92" occupancy="0.87" waitingTime="0.00" speed="34.05" departed="0" arrived="0" entered="3" left="3" laneChangedFrom="0" laneChangedTo="0"/>
        <edge id="rend" sampledSeconds="44.28" traveltime="17.99" overlapTraveltime="18.09" density="3.54" occupancy="1.05" waitingTime="0.00" speed="27.80" departed="0" arrived="3" entered="3" left="0" laneChangedFrom="0" laneChangedTo="0"/>
    </interval>
    <interval begin="325.00" end="350.00" id="dump_25">
        <edge id="end" sampledSeconds="51.45" traveltime="20.88" overlapTraveltime="20.99" density="4.13" occupancy="1.23" waitingTime="0.00" speed="23.89" departed="0" arrived="0" entered="2" left="2" laneChangedFrom="0" laneChangedTo="0"/>
        <edge id="middle" sampledSeconds="51.88" traveltime="29.13" overlapTraveltime="29.61" density="2.10" occupancy="0.62" waitingTime="0.00" speed="33.56" departed="0" arrived="0" entered="0" left="2" laneChangedFrom="0" laneChangedTo="0"/>
        <edge id="rend" sampledSeconds="46.19" traveltime="17.99" overlapTraveltime="18.09" density="3.69" occupancy="1.10" waitingTime="0.00" speed="27.80" departed="0" arrived="2" entered="2" left="0" laneChangedFrom="0" laneChangedTo="0"/>
    </interval>
    <interval begin="350.00" end="375.00" id="dump_25">
        <edge id="end" sampledSeconds="39.96" traveltime="19.28" overlapTraveltime="19.39" density="3.21" occupancy="0.95" waitingTime="0.00" speed="25.87" departed="0" arrived="0" entered="1" left="3" laneChangedFrom="0" laneChangedTo="0"/>
        <edge id="middle" sampledSeconds="3.44" traveltime="110.73" overlapTraveltime="114.04" density="0.14" occupancy="0.04" waitingTime="0.00" speed="8.71" departed="0" arrived="0" entered="0" left="1" laneChangedFrom="0" laneChangedTo="0"/>
        <edge id="rend" sampledSeconds="44.28" traveltime="17.99" overlapTraveltime="18.09" density="3.54" occupancy="1.05" waitingTime="0.00" speed="27.80" departed="0" arrived="3" entered="3" left="0" laneChangedFrom="0" laneChangedTo="0"/>
    </interval>
    <interval begin="375.00" end="400.00" id="dump_25">
        <edge id="rend" sampledSeconds="25.22" traveltime="17.99" overlapTraveltime="18.09" density="2.02" occupancy="0.60" waitingTime="0.00" speed="27.80" departed="0" arrived="2" entered="0" left="0" laneChangedFrom="0" laneChangedTo="0"/>
    </interval>
    <interval begin="400.00" end="425.00" id="dump_25"/>
    <interval begin="425.00" end="450.00" id="dump_25"/>
    <interval begin="450.00" end="475.00" id="dump_25"/>
    <interval begin="475.00" end="500.00" id="dump_25"/>
    <interval begin="500.00" end="525.00" id="dump_25"/>
    <interval begin="525.00" end="550.00" id="dump_25"/>
    <interval begin="550.00" end="575.00" id="dump_25"/>
    <interval begin="575.00" end="600.00" id="dump_25"/>
    <interval begin="600.00" end="625.00" id="dump_25"/>
    <interval begin="625.00" end="650.00" id="dump_25"/>
    <interval begin="650.00" end="675.00" id="dump_25"/>
    <interval begin="675.00" end="700.00" id="dump_25"/>
    <interval begin="700.00" end="725.00" id="dump_25"/>
    <interval begin="725.00" end="750.00" id="dump_25"/>
    <interval begin="750.00" end="775.00" id="dump_25"/>
    <interval begin="775.00" end="800.00" id="dump_25"/>
    <interval begin="800.00" end="825.00" id="dump_25"/>
    <interval begin="825.00" end="850.00" id="dump_25"/>
    <interval begin="850.00" end="875.00" id="dump_25"/>
    <interval begin="875.00" end="900.00" id="dump_25"/>
    <interval begin="900.00" end="925.00" id="dump_25"/>
    <interval begin="925.00" end="950.00" id="dump_25"/>
    <interval begin="950.00" end="975.00" id="dump_25"/>
    <interval begin="975.00" end="1000.00" id="dump_25"/>
</meandata>
