<?xml version="1.0" encoding="UTF-8"?>

<!-- generated on Tue Apr 16 00:14:40 2019 by Eclipse SUMO duarouter Version 1.2.0
This data file and the accompanying materials
are made available under the terms of the Eclipse Public License v2.0
which accompanies this distribution, and is available at
http://www.eclipse.org/legal/epl-v20.html
SPDX-License-Identifier: EPL-2.0
<configuration xmlns:xsi="http://www.w3.org/2001/XMLSchema-instance" xsi:noNamespaceSchemaLocation="http://sumo.dlr.de/xsd/duarouterConfiguration.xsd">

    <input>
        <net-file value="input_net.net.xml"/>
        <route-files value="input_flows.flows.xml"/>
    </input>

    <output>
        <write-license value="true"/>
        <output-file value="routes.rou.xml"/>
        <alternatives-output value="routes.rou.alt.xml"/>
    </output>

    <report>
        <no-step-log value="true"/>
    </report>

</configuration>
-->

<routes xmlns:xsi="http://www.w3.org/2001/XMLSchema-instance" xsi:noNamespaceSchemaLocation="http://sumo.dlr.de/xsd/routes_file.xsd">
    <vehicle id="0.0" depart="0.00">
        <routeDistribution last="0">
            <route cost="125.90" probability="1.00000000" edges="beg middle end rend"/>
        </routeDistribution>
    </vehicle>
    <vehicle id="0.1" depart="0.10">
        <routeDistribution last="0">
            <route cost="125.90" probability="1.00000000" edges="beg middle end rend"/>
        </routeDistribution>
    </vehicle>
    <vehicle id="0.2" depart="0.20">
        <routeDistribution last="0">
            <route cost="125.90" probability="1.00000000" edges="beg middle end rend"/>
        </routeDistribution>
    </vehicle>
    <vehicle id="0.3" depart="0.30">
        <routeDistribution last="0">
            <route cost="125.90" probability="1.00000000" edges="beg middle end rend"/>
        </routeDistribution>
    </vehicle>
    <vehicle id="0.4" depart="0.40">
        <routeDistribution last="0">
            <route cost="125.90" probability="1.00000000" edges="beg middle end rend"/>
        </routeDistribution>
    </vehicle>
    <vehicle id="0.5" depart="0.50">
        <routeDistribution last="0">
            <route cost="125.90" probability="1.00000000" edges="beg middle end rend"/>
        </routeDistribution>
    </vehicle>
    <vehicle id="0.6" depart="0.60">
        <routeDistribution last="0">
            <route cost="125.90" probability="1.00000000" edges="beg middle end rend"/>
        </routeDistribution>
    </vehicle>
    <vehicle id="0.7" depart="0.70">
        <routeDistribution last="0">
            <route cost="125.90" probability="1.00000000" edges="beg middle end rend"/>
        </routeDistribution>
    </vehicle>
    <vehicle id="0.8" depart="0.80">
        <routeDistribution last="0">
            <route cost="125.90" probability="1.00000000" edges="beg middle end rend"/>
        </routeDistribution>
    </vehicle>
    <vehicle id="0.9" depart="0.90">
        <routeDistribution last="0">
            <route cost="125.90" probability="1.00000000" edges="beg middle end rend"/>
        </routeDistribution>
    </vehicle>
</routes>
